Date,Sunrise time,Sunset time
2024-01-01,07:45,15:33
2024-01-02,07:45,15:34
2024-01-03,07:44,15:35
2024-01-04,07:44,15:36
2024-01-05,07:44,15:37
2024-01-06,07:44,15:39
2024-01-07,07:43,15:40
2024-01-08,07:43,15:41
2024-01-09,07:42,15:43
2024-01-10,07:42,15:44
2024-01-11,07:41,15:46
2024-01-12,07:40,15:47
2024-01-13,07:39,15:49
2024-01-14,07:39,15:50
2024-01-15,07:38,15:52
2024-01-16,07:37,15:53
2024-01-17,07:36,15:55
2024-01-18,07:35,15:57
2024-01-19,07:34,15:58
2024-01-20,07:33,16:00
2024-01-21,07:32,16:02
2024-01-22,07:31,16:03
2024-01-23,07:29,16:05
2024-01-24,07:28,16:07
2024-01-25,07:27,16:09
2024-01-26,07:25,16:10
2024-01-27,07:24,16:12
2024-01-28,07:23,16:14
2024-01-29,07:21,16:16
2024-01-30,07:20,16:18
2024-01-31,07:18,16:20
2024-02-01,07:17,16:21
2024-02-02,07:15,16:23
2024-02-03,07:13,16:25
2024-02-04,07:12,16:27
2024-02-05,07:10,16:29
2024-02-06,07:08,16:31
2024-02-07,07:06,16:33
2024-02-08,07:05,16:35
2024-02-09,07:03,16:36
2024-02-10,07:01,16:38
2024-02-11,06:59,16:40
2024-02-12,06:57,16:42
2024-02-13,06:55,16:44
2024-02-14,06:53,16:46
2024-02-15,06:51,16:48
2024-02-16,06:49,16:50
2024-02-17,06:47,16:52
2024-02-18,06:45,16:53
2024-02-19,06:43,16:55
2024-02-20,06:41,16:57
2024-02-21,06:39,16:59
2024-02-22,06:37,17:01
2024-02-23,06:35,17:03
2024-02-24,06:33,17:05
2024-02-25,06:31,17:06
2024-02-26,06:29,17:08
2024-02-27,06:26,17:10
2024-02-28,06:24,17:12
2024-02-29,06:22,17:14
2024-03-01,06:20,17:16
2024-03-02,06:18,17:17
2024-03-03,06:15,17:19
2024-03-04,06:13,17:21
2024-03-05,06:11,17:23
2024-03-06,06:09,17:25
2024-03-07,06:06,17:26
2024-03-08,06:04,17:28
2024-03-09,06:02,17:30
2024-03-10,05:59,17:32
2024-03-11,05:57,17:33
2024-03-12,05:55,17:35
2024-03-13,05:52,17:37
2024-03-14,05:50,17:39
2024-03-15,05:48,17:41
2024-03-16,05:45,17:42
2024-03-17,05:43,17:44
2024-03-18,05:41,17:46
2024-03-19,05:38,17:48
2024-03-20,05:36,17:49
2024-03-21,05:34,17:51
2024-03-22,05:31,17:53
2024-03-23,05:29,17:55
2024-03-24,05:27,17:56
2024-03-25,05:24,17:58
2024-03-26,05:22,18:00
2024-03-27,05:20,18:01
2024-03-28,05:17,18:03
2024-03-29,05:15,18:05
2024-03-30,05:13,18:07
2024-03-31,06:10,19:08
2024-04-01,06:08,19:10
2024-04-02,06:06,19:12
2024-04-03,06:03,19:14
2024-04-04,06:01,19:15
2024-04-05,05:59,19:17
2024-04-06,05:57,19:19
2024-04-07,05:54,19:20
2024-04-08,05:52,19:22
2024-04-09,05:50,19:24
2024-04-10,05:47,19:26
2024-04-11,05:45,19:27
2024-04-12,05:43,19:29
2024-04-13,05:41,19:31
2024-04-14,05:39,19:33
2024-04-15,05:36,19:34
2024-04-16,05:34,19:36
2024-04-17,05:32,19:38
2024-04-18,05:30,19:40
2024-04-19,05:28,19:41
2024-04-20,05:25,19:43
2024-04-21,05:23,19:45
2024-04-22,05:21,19:46
2024-04-23,05:19,19:48
2024-04-24,05:17,19:50
2024-04-25,05:15,19:52
2024-04-26,05:13,19:53
2024-04-27,05:11,19:55
2024-04-28,05:09,19:57
2024-04-29,05:07,19:58
2024-04-30,05:05,20:00
2024-05-01,05:03,20:02
2024-05-02,05:01,20:03
2024-05-03,04:59,20:05
2024-05-04,04:58,20:07
2024-05-05,04:56,20:08
2024-05-06,04:54,20:10
2024-05-07,04:52,20:12
2024-05-08,04:50,20:13
2024-05-09,04:49,20:15
2024-05-10,04:47,20:17
2024-05-11,04:45,20:18
2024-05-12,04:44,20:20
2024-05-13,04:42,20:21
2024-05-14,04:41,20:23
2024-05-15,04:39,20:25
2024-05-16,04:38,20:26
2024-05-17,04:36,20:28
2024-05-18,04:35,20:29
2024-05-19,04:33,20:31
2024-05-20,04:32,20:32
2024-05-21,04:31,20:34
2024-05-22,04:29,20:35
2024-05-23,04:28,20:36
2024-05-24,04:27,20:38
2024-05-25,04:26,20:39
2024-05-26,04:25,20:40
2024-05-27,04:24,20:42
2024-05-28,04:23,20:43
2024-05-29,04:22,20:44
2024-05-30,04:21,20:45
2024-05-31,04:20,20:46
2024-06-01,04:19,20:48
2024-06-02,04:19,20:49
2024-06-03,04:18,20:50
2024-06-04,04:17,20:51
2024-06-05,04:17,20:52
2024-06-06,04:16,20:53
2024-06-07,04:16,20:53
2024-06-08,04:15,20:54
2024-06-09,04:15,20:55
2024-06-10,04:14,20:56
2024-06-11,04:14,20:56
2024-06-12,04:14,20:57
2024-06-13,04:14,20:58
2024-06-14,04:14,20:58
2024-06-15,04:13,20:59
2024-06-16,04:13,20:59
2024-06-17,04:14,21:00
2024-06-18,04:14,21:00
2024-06-19,04:14,21:00
2024-06-20,04:14,21:01
2024-06-21,04:14,21:01
2024-06-22,04:14,21:01
2024-06-23,04:15,21:01
2024-06-24,04:15,21:01
2024-06-25,04:16,21:01
2024-06-26,04:16,21:01
2024-06-27,04:17,21:01
2024-06-28,04:17,21:01
2024-06-29,04:18,21:00
2024-06-30,04:19,21:00
2024-07-01,04:19,21:00
2024-07-02,04:20,20:59
2024-07-03,04:21,20:59
2024-07-04,04:22,20:58
2024-07-05,04:23,20:58
2024-07-06,04:24,20:57
2024-07-07,04:25,20:57
2024-07-08,04:26,20:56
2024-07-09,04:27,20:55
2024-07-10,04:28,20:54
2024-07-11,04:29,20:53
2024-07-12,04:30,20:53
2024-07-13,04:31,20:52
2024-07-14,04:32,20:51
2024-07-15,04:34,20:50
2024-07-16,04:35,20:48
2024-07-17,04:36,20:47
2024-07-18,04:37,20:46
2024-07-19,04:39,20:45
2024-07-20,04:40,20:44
2024-07-21,04:42,20:42
2024-07-22,04:43,20:41
2024-07-23,04:44,20:40
2024-07-24,04:46,20:38
2024-07-25,04:47,20:37
2024-07-26,04:49,20:35
2024-07-27,04:50,20:34
2024-07-28,04:52,20:32
2024-07-29,04:53,20:31
2024-07-30,04:55,20:29
2024-07-31,04:56,20:27
2024-08-01,04:58,20:26
2024-08-02,04:59,20:24
2024-08-03,05:01,20:22
2024-08-04,05:03,20:20
2024-08-05,05:04,20:19
2024-08-06,05:06,20:17
2024-08-07,05:07,20:15
2024-08-08,05:09,20:13
2024-08-09,05:11,20:11
2024-08-10,05:12,20:09
2024-08-11,05:14,20:07
2024-08-12,05:16,20:05
2024-08-13,05:17,20:03
2024-08-14,05:19,20:01
2024-08-15,05:20,19:59
2024-08-16,05:22,19:57
2024-08-17,05:24,19:55
2024-08-18,05:25,19:53
2024-08-19,05:27,19:51
2024-08-20,05:29,19:49
2024-08-21,05:30,19:47
2024-08-22,05:32,19:44
2024-08-23,05:34,19:42
2024-08-24,05:35,19:40
2024-08-25,05:37,19:38
2024-08-26,05:38,19:36
2024-08-27,05:40,19:33
2024-08-28,05:42,19:31
2024-08-29,05:43,19:29
2024-08-30,05:45,19:27
2024-08-31,05:47,19:24
2024-09-01,05:48,19:22
2024-09-02,05:50,19:20
2024-09-03,05:52,19:18
2024-09-04,05:53,19:15
2024-09-05,05:55,19:13
2024-09-06,05:57,19:11
2024-09-07,05:58,19:08
2024-09-08,06:00,19:06
2024-09-09,06:01,19:04
2024-09-10,06:03,19:01
2024-09-11,06:05,18:59
2024-09-12,06:06,18:57
2024-09-13,06:08,18:54
2024-09-14,06:10,18:52
2024-09-15,06:11,18:50
2024-09-16,06:13,18:47
2024-09-17,06:15,18:45
2024-09-18,06:16,18:43
2024-09-19,06:18,18:40
2024-09-20,06:20,18:38
2024-09-21,06:21,18:35
2024-09-22,06:23,18:33
2024-09-23,06:25,18:31
2024-09-24,06:26,18:28
2024-09-25,06:28,18:26
2024-09-26,06:29,18:24
2024-09-27,06:31,18:21
2024-09-28,06:33,18:19
2024-09-29,06:35,18:17
2024-09-30,06:36,18:14
2024-10-01,06:38,18:12
2024-10-02,06:40,18:10
2024-10-03,06:41,18:07
2024-10-04,06:43,18:05
2024-10-05,06:45,18:03
2024-10-06,06:46,18:00
2024-10-07,06:48,17:58
2024-10-08,06:50,17:56
2024-10-09,06:51,17:54
2024-10-10,06:53,17:51
2024-10-11,06:55,17:49
2024-10-12,06:57,17:47
2024-10-13,06:58,17:45
2024-10-14,07:00,17:42
2024-10-15,07:02,17:40
2024-10-16,07:04,17:38
2024-10-17,07:05,17:36
2024-10-18,07:07,17:34
2024-10-19,07:09,17:32
2024-10-20,07:11,17:30
2024-10-21,07:12,17:27
2024-10-22,07:14,17:25
2024-10-23,07:16,17:23
2024-10-24,07:18,17:21
2024-10-25,07:20,17:19
2024-10-26,07:21,17:17
2024-10-27,06:23,16:15
2024-10-28,06:25,16:13
2024-10-29,06:27,16:11
2024-10-30,06:29,16:09
2024-10-31,06:30,16:08
2024-11-01,06:32,16:06
2024-11-02,06:34,16:04
2024-11-03,06:36,16:02
2024-11-04,06:38,16:00
2024-11-05,06:40,15:59
2024-11-06,06:41,15:57
2024-11-07,06:43,15:55
2024-11-08,06:45,15:53
2024-11-09,06:47,15:52
2024-11-10,06:49,15:50
2024-11-11,06:50,15:49
2024-11-12,06:52,15:47
2024-11-13,06:54,15:46
2024-11-14,06:56,15:44
2024-11-15,06:57,15:43
2024-11-16,06:59,15:41
2024-11-17,07:01,15:40
2024-11-18,07:03,15:39
2024-11-19,07:04,15:38
2024-11-20,07:06,15:36
2024-11-21,07:08,15:35
2024-11-22,07:09,15:34
2024-11-23,07:11,15:33
2024-11-24,07:13,15:32
2024-11-25,07:14,15:31
2024-11-26,07:16,15:30
2024-11-27,07:17,15:29
2024-11-28,07:19,15:28
2024-11-29,07:20,15:28
2024-11-30,07:22,15:27
2024-12-01,07:23,15:26
2024-12-02,07:25,15:26
2024-12-03,07:26,15:25
2024-12-04,07:27,15:25
2024-12-05,07:28,15:24
2024-12-06,07:30,15:24
2024-12-07,07:31,15:23
2024-12-08,07:32,15:23
2024-12-09,07:33,15:23
2024-12-10,07:34,15:23
2024-12-11,07:35,15:23
2024-12-12,07:36,15:23
2024-12-13,07:37,15:23
2024-12-14,07:38,15:23
2024-12-15,07:39,15:23
2024-12-16,07:40,15:23
2024-12-17,07:40,15:23
2024-12-18,07:41,15:24
2024-12-19,07:42,15:24
2024-12-20,07:42,15:24
2024-12-21,07:43,15:25
2024-12-22,07:43,15:25
2024-12-23,07:44,15:26
2024-12-24,07:44,15:27
2024-12-25,07:44,15:27
2024-12-26,07:45,15:28
2024-12-27,07:45,15:29
2024-12-28,07:45,15:30
2024-12-29,07:45,15:31
2024-12-30,07:45,15:32
2024-12-31,07:45,15:33
